iso_code,total_cases,persent
AND,12010.0,15.543907331909661
MNE,91218.0,14.523725364693293
CZE,1532332.0,14.308848404077997
SMR,4730.0,13.937179562732041
SVN,215602.0,10.370805779121204
LUX,61642.0,9.847342390123583
ISR,833105.0,9.625106044786802
USA,30462210.0,9.203010995860707
SRB,600596.0,8.826328557933492
BHR,144445.0,8.488860079114566
PAN,355051.0,8.228739065460761
PRT,821722.0,8.058699735120369
EST,106424.0,8.022681579659551
SWE,804886.0,7.969744347858805
LTU,216119.0,7.938864728274825
